{
    "name": "root",
    "gauges": {
        "slimes.Policy.Entropy.mean": {
            "value": 1.4301689863204956,
            "min": 1.418938398361206,
            "max": 1.436056137084961,
            "count": 5
        },
        "slimes.Environment.EpisodeLength.mean": {
            "value": 499.0,
            "min": 468.0,
            "max": 499.0,
            "count": 5
        },
        "slimes.Policy.ExtrinsicValueEstimate.mean": {
            "value": 0.014535248279571533,
            "min": 0.014535248279571533,
            "max": 0.264729768037796,
            "count": 5
        },
        "slimes.Environment.CumulativeReward.mean": {
            "value": 0.0,
            "min": -0.041666666666666664,
            "max": 0.0,
            "count": 5
        },
        "slimes.Policy.ExtrinsicReward.mean": {
            "value": 0.0,
            "min": -0.041666666666666664,
            "max": 0.0,
            "count": 5
        },
        "slimes.IsTraining.mean": {
            "value": 1.0,
            "min": 1.0,
            "max": 1.0,
            "count": 5
        },
        "slimes.Losses.ValueLoss.mean": {
            "value": 0.0010690281633287668,
            "min": 0.0010690281633287668,
            "max": 0.13557671010494232,
            "count": 4
        },
        "slimes.Losses.PolicyLoss.mean": {
            "value": 0.6590970754623413,
            "min": 0.5360695123672485,
            "max": 0.6590970754623413,
            "count": 4
        },
        "slimes.Policy.LearningRate.mean": {
            "value": 0.000297050952212885,
            "min": 0.000297050952212885,
            "max": 0.0002992712252307683,
            "count": 4
        },
        "slimes.Policy.Epsilon.mean": {
            "value": 0.1990170180797577,
            "min": 0.1990170180797577,
            "max": 0.19975708425045013,
            "count": 4
        },
        "slimes.Policy.Beta.mean": {
            "value": 0.000990268075838685,
            "min": 0.000990268075838685,
            "max": 0.0009975952561944723,
            "count": 4
        }
    },
    "metadata": {
        "timer_format_version": "0.1.0",
        "start_time_seconds": "1603049250",
        "python_version": "3.8.5 (default, Sep  3 2020, 21:29:08) [MSC v.1916 64 bit (AMD64)]",
        "command_line_arguments": "C:\\Users\\VFoS\\anaconda3\\envs\\ml-agents-0.1\\Scripts\\mlagents-learn ./trainer_config.yaml --run-id=slimes_3 --train",
        "mlagents_version": "0.20.0",
        "mlagents_envs_version": "0.20.0",
        "communication_protocol_version": "1.1.0",
        "tensorflow_version": "2.3.1",
        "numpy_version": "1.19.2",
        "end_time_seconds": "1603050069"
    },
    "total": 819.481965,
    "count": 1,
    "self": 0.00954649999994217,
    "children": {
        "run_training.setup": {
            "total": 0.010088200000000214,
            "count": 1,
            "self": 0.010088200000000214
        },
        "TrainerController.start_learning": {
            "total": 819.4623303,
            "count": 1,
            "self": 2.767909199994051,
            "children": {
                "TrainerController._reset_env": {
                    "total": 17.7923505,
                    "count": 1,
                    "self": 17.7923505
                },
                "TrainerController.advance": {
                    "total": 796.7443341000059,
                    "count": 63590,
                    "self": 0.8016056000069511,
                    "children": {
                        "env_step": {
                            "total": 795.9427284999989,
                            "count": 63590,
                            "self": 751.8214749999803,
                            "children": {
                                "SubprocessEnvManager._take_step": {
                                    "total": 43.26085379999769,
                                    "count": 63590,
                                    "self": 1.4254495000020881,
                                    "children": {
                                        "TFPolicy.evaluate": {
                                            "total": 41.8354042999956,
                                            "count": 63465,
                                            "self": 41.8354042999956
                                        }
                                    }
                                },
                                "workers": {
                                    "total": 0.8603997000209063,
                                    "count": 63589,
                                    "self": 0.0,
                                    "children": {
                                        "worker_root": {
                                            "total": 797.8530397000201,
                                            "count": 63589,
                                            "is_parallel": true,
                                            "self": 107.23443560003068,
                                            "children": {
                                                "steps_from_proto": {
                                                    "total": 0.0003790999999999656,
                                                    "count": 1,
                                                    "is_parallel": true,
                                                    "self": 9.980000000098244e-05,
                                                    "children": {
                                                        "_process_vector_observation": {
                                                            "total": 0.00027929999999898314,
                                                            "count": 6,
                                                            "is_parallel": true,
                                                            "self": 0.00027929999999898314
                                                        }
                                                    }
                                                },
                                                "UnityEnvironment.step": {
                                                    "total": 690.6182249999894,
                                                    "count": 63589,
                                                    "is_parallel": true,
                                                    "self": 4.336735099964699,
                                                    "children": {
                                                        "UnityEnvironment._generate_step_input": {
                                                            "total": 7.735986700010386,
                                                            "count": 63589,
                                                            "is_parallel": true,
                                                            "self": 7.735986700010386
                                                        },
                                                        "communicator.exchange": {
                                                            "total": 659.809250300005,
                                                            "count": 63589,
                                                            "is_parallel": true,
                                                            "self": 659.809250300005
                                                        },
                                                        "steps_from_proto": {
                                                            "total": 18.736252900009255,
                                                            "count": 63589,
                                                            "is_parallel": true,
                                                            "self": 5.6900936000382245,